sim_id,fragment_id,fragment_mass_kg,mass_ratio,semi_major_axis_a,eccentricity_e,inclination_i,apoapsis_Rm,periapsis_Rm
Ma_xp_A2000_n70_r16_v00,0,2.2966174226580156e+19,0.22974536091310457,-93315628.70072229,1.0744060436448744,0.0007807390048806687,inf,2.0484575134547374
Ma_xp_A2000_n70_r16_v00,1,8.378225796586828e+18,0.08381276265075824,1271380208.7432039,0.9960980661840892,0.0020270199262165866,748.7238755146874,1.463590921780433
Ma_xp_A2000_n70_r16_v00,2,8.01490828228249e+18,0.08017826468751904,-502126719.26303416,1.0105103972176652,0.000820922340805876,inf,1.557029435921983
Ma_xp_A2000_n70_r16_v00,3,7.580021928871288e+18,0.07582781775478589,-112531557.34961124,1.055244157310787,0.0012444098696089364,inf,1.8341085872989416
Ma_xp_A2000_n70_r16_v00,4,4.92987661143052e+18,0.049316715538948216,-230699006.50391126,1.025631362029803,0.0010704411596952046,inf,1.74454337088586
Ma_xp_A2000_n70_r16_v00,5,4.921354861953128e+18,0.04923146701692715,-369759542.1033957,1.015475868281105,0.0019191105333875424,inf,1.6882578460757698
Ma_xp_A2000_n70_r16_v00,6,4.217028803521032e+18,0.04218564201801605,224946342.14717537,0.9786353590586351,0.0003146396254506707,131.31340506366806,1.4178781032741774
Ma_xp_A2000_n70_r16_v00,7,4.0201080978274734e+18,0.040215717983020746,97810452.33813192,0.9543030449442286,0.0014095536577993758,56.395121649737,1.3186723246733405
Ma_xp_A2000_n70_r16_v00,8,3.349285084669437e+18,0.033505045419697656,158299633.0103059,0.9703042770764173,0.0072673052333705485,92.01901282780143,1.3868777226077205
Ma_xp_A2000_n70_r16_v00,9,2.696802143267036e+18,0.026977840349179442,124899558.32136321,0.9628028778551938,0.004266795107946377,72.32724959906014,1.3706753582274944
Ma_xp_A2000_n70_r16_v00,10,2.4937152936426834e+18,0.02494623242426647,74166846.1614218,0.9437393553085034,0.00030211163805776063,42.53164706979406,1.231059029289465
Ma_xp_A2000_n70_r16_v00,11,2.113908540512174e+18,0.02114678203630358,-150056459.83201838,1.0396367267199862,0.00326944789573482,inf,1.7547564215755416
Ma_xp_A2000_n70_r16_v00,12,2.0452891570897055e+18,0.020460338362468522,40743981.09961427,0.909044603906297,0.003484852505707663,22.94795021681038,1.0933426580173367
Ma_xp_A2000_n70_r16_v00,13,1.9747595557239885e+18,0.01975478555419668,64344377.99188568,0.9338587805715756,0.0015828210460738991,36.711296757641115,1.255588028838116
Ma_xp_A2000_n70_r16_v00,14,1.8838608946318275e+18,0.018845467985972073,59909363.65906487,0.93343068598348,0.001784927494080943,34.17335951502568,1.1766116660127397
Ma_xp_A2000_n70_r16_v00,15,1.5646961380727112e+18,0.015652658358082376,48649570.71373916,0.9193446450095348,0.0001886607950227358,27.548397413019014,1.157648147529243
Ma_xp_A2000_n70_r16_v00,16,1.5037968064416061e+18,0.01504344331046848,76686695.0041882,0.9418809456456646,0.002879582334453974,43.93463101140984,1.3149308733449638
Ma_xp_A2000_n70_r16_v00,17,1.432138889814075e+18,0.014326603241441239,368995066.9101469,0.9869853728103316,0.0014078711894463516,216.31149154436687,1.4168264436236335
Ma_xp_A2000_n70_r16_v00,18,1.3783063748227569e+18,0.01378808209013749,50977789.19287539,0.9192942666628547,0.0021040604980471296,28.866021101942287,1.2138073051238847
Ma_xp_A2000_n70_r16_v00,19,1.293148265062635e+18,0.012936190936282461,120678953.63504186,0.9638495509418138,0.0034526727654045947,69.92043336902343,1.287092009375659
Ma_xp_A2000_n70_r16_v00,20,1.1341053006582427e+18,0.011345182225067169,82133929.03712334,0.9456940292222452,0.0016714400179533636,47.14780803189098,1.315935314988112
Ma_xp_A2000_n70_r16_v00,21,1.1123505906102711e+18,0.01112755591681829,54795712.54549106,0.9259975243714835,0.0036789382823802933,31.136275765979416,1.1963470665864868
Ma_xp_A2000_n70_r16_v00,22,7.980653026833887e+17,0.007983558741142743,43596729.60940544,0.9088351286248476,0.005157397498864452,24.55198966561208,1.1725889503521891
Ma_xp_A2000_n70_r16_v00,23,6.455052022832823e+17,0.006457402273741374,42865369.99852272,0.9119287253603666,0.0019711649635797113,24.1792394817454,1.1137948882340745
Ma_xp_A2000_n70_r16_v00,24,6.315893140542344e+17,0.006318192724424762,59361553.82960422,0.9258512553914117,0.005080325758539387,33.72813776802719,1.2985940977962214
Ma_xp_A2000_n70_r16_v00,25,4.137155959987306e+17,0.0041386622769804746,46065592.25237348,0.9155344003266855,0.00811831057788294,26.033405113097462,1.1479444973899142
Ma_xp_A2000_n70_r16_v00,26,2.832368232223845e+17,0.0028333994827834984,85147038.92033009,0.947054530446565,0.0016171563706654185,48.91161760847874,1.3300339155396033
Ma_xp_A2000_n70_r16_v00,27,2.0233463944980982e+17,0.0020240830844093743,-97562819.14676386,1.0675934786809669,0.0034282881840668467,inf,1.9455997451104323
Ma_xp_A2000_n70_r16_v00,28,2.0128550420636806e+17,0.002013587912128036,147332132.48388255,0.969474418667938,0.0009252377738894884,85.60757220085623,1.3268620719760684
Ma_xp_A2000_n70_r16_v00,29,1.7375065281717024e+17,0.0017381391452725415,3601309038.5912952,0.9985181132303473,0.009518977855439436,2123.4050287549408,1.5744895169550055
Ma_xp_A2000_n70_r16_v00,30,1.7155340730732054e+17,0.0017161586901172866,-1171397915.3892183,1.0044125602127931,0.0011687419053109161,inf,1.5249635152073384
Ma_xp_A2000_n70_r16_v00,31,1.5631125377052515e+17,0.0015636816588601107,-3695152381.559806,1.0014214934265229,0.01068023888074247,inf,1.5496783656549893
Ma_xp_A2000_n70_r16_v00,32,1.4785878680921136e+17,0.0014791262142538587,250867455.1674832,0.9827169867381926,0.0006599609538127077,146.74706144869478,1.279169657653187
Ma_xp_A2000_n70_r16_v00,33,1.4774991428394854e+17,0.0014780370926020217,614520578.043674,0.9909703556412749,0.011462974810492153,360.96540900324396,1.6370857857656156
Ma_xp_A2000_n70_r16_v00,34,1.3540772892006299e+17,0.0013545703017074132,465260095.3301756,0.9895317724092919,0.004066306619645729,273.0933005144004,1.4369224271399381
Ma_xp_A2000_n70_r16_v00,35,1.342893111605449e+17,0.0013433820520112698,-91337704.59217402,1.0740222281677503,0.009839931595188792,inf,1.9946955036555474
Ma_xp_A2000_n70_r16_v00,36,1.2736105955291064e+17,0.0012740743105307355,65440198.11270626,0.9324045041160548,0.0028380911576532685,37.30843297927143,1.3050487216911033
Ma_xp_A2000_n70_r16_v00,37,1.2260036094823626e+17,0.0012264499910276826,92589280.56439774,0.9541788989115393,0.0020169543632755117,53.38133009126607,1.2516721594480367
Ma_xp_A2000_n70_r16_v00,38,1.1466256410634675e+17,0.001147043121502842,102361334.91079833,0.9610268160058377,0.012692850994459569,59.22210434643164,1.1769721608988375
Ma_xp_A2000_n70_r16_v00,39,1.1333629879859962e+17,0.0011337756395622825,42215155.6660158,0.9123203952824993,0.012081998374317872,23.817348626684634,1.0920218798890764
Ma_xp_A2000_n70_r16_v00,40,1.053985019567101e+17,0.001054368770037442,1493639870.9120235,0.9969774933340586,0.011470402820265646,880.0015357302551,1.331918119589153
Ma_xp_A2000_n70_r16_v00,41,1.0494321685106557e+17,0.0010498142613115783,-178991424.7879184,1.032988684220352,0.0032070241871348187,inf,1.7420538694437282
Ma_xp_A2000_n70_r16_v00,42,9.87374829110846e+16,0.0009877343271568711,72010494.1375413,0.9441579174802172,0.00488194781285061,41.30395997025038,1.186374378497985
Ma_xp_A2000_n70_r16_v00,43,9.21160538746456e+16,0.000921495928513332,67900277.51715536,0.936831431566779,0.004128728242232274,38.79964351890651,1.2654265605479065
Ma_xp_A2000_n70_r16_v00,44,9.078978856689846e+16,0.0009082284465727725,122857468.1621388,0.9594065492659067,0.007316349142307589,71.02160429063944,1.471369990014814
Ma_xp_A2000_n70_r16_v00,45,8.473251716136682e+16,0.000847633678306934,56721883.67979143,0.9288801068175763,0.009559717291321466,32.279012553819214,1.1901620617827497
Ma_xp_A2000_n70_r16_v00,46,8.197111402060973e+16,0.0008200095927739781,181278606.1708987,0.9735437751092089,0.01628534109353081,105.54986421863134,1.4149424908530621
Ma_xp_A2000_n70_r16_v00,47,7.131150404714962e+16,0.0007133746819532133,-78605470.01466195,1.0902899720488117,0.002498260006633564,inf,2.0939034342845657
Ma_xp_A2000_n70_r16_v00,48,7.04306263427504e+16,0.0007045626976792597,105843307.20998594,0.9569479273841645,0.005695763191428703,61.10926115122213,1.344379332616759
Ma_xp_A2000_n70_r16_v00,49,6.971800617739373e+16,0.0006974339014126904,47134690.34946709,0.9186362081338137,0.007927105049458824,26.680726822145747,1.131452171491718
Ma_xp_A2000_n70_r16_v00,50,6.939138860160526e+16,0.0006941665364571795,66264559.61839616,0.9332139951085134,0.0014964172801976026,37.794239278355484,1.3056631369837468
Ma_xp_A2000_n70_r16_v00,51,6.389827482698098e+16,0.0006392153985690418,-121351856.8044838,1.049100719433989,0.0029661864671641554,inf,1.7579181217732893
Ma_xp_A2000_n70_r16_v00,52,6.241364948248792e+16,0.0006243637396803558,-99338685.46104437,1.0585350665167534,0.004986204315623725,inf,1.7155322499333472
Ma_xp_A2000_n70_r16_v00,53,6.032527649790102e+16,0.0006034724061769375,361148203.48731124,0.9872284461796902,0.001338358749384697,211.7374194591167,1.360797674567457
Ma_xp_A2000_n70_r16_v00,54,5.967204134632408e+16,0.0005969376762659157,-419777845.7319027,1.0115702922412801,0.00621370829197185,inf,1.4329406554161757
Ma_xp_A2000_n70_r16_v00,55,5.869218861895867e+16,0.0005871355813993831,150781359.1145368,0.9658131890761815,0.0031049649985611365,87.44888166814827,1.5207947528794936
Ma_xp_A2000_n70_r16_v00,56,5.651473811370219e+16,0.0005653531483626438,84512197.41384915,0.9442232128399303,0.004426564004860042,48.47634635790418,1.3907121544717684
Ma_xp_A2000_n70_r16_v00,57,5.642566059303261e+16,0.0005644620488293226,68845239.69223718,0.9382110640161611,0.0003603966564128108,39.36763690111777,1.2550152258845526
Ma_xp_A2000_n70_r16_v00,58,5.579222044604891e+16,0.0005581253410368167,-129822995.017887,1.046254039748065,0.01046702539165702,inf,1.771599932665644
Ma_xp_A2000_n70_r16_v00,59,5.572293792997256e+16,0.0005574322636220112,-499475161.434786,1.011190262217683,0.005091954342346528,inf,1.6489918948738074
Ma_xp_A2000_n70_r16_v00,60,5.394138751658091e+16,0.0005396102729555883,210763899.10786575,0.975213488150516,0.0022421061547247337,122.82156552088833,1.5412603282727728
Ma_xp_A2000_n70_r16_v00,61,5.356528242930933e+16,0.0005358478527037878,408218489.7743046,0.9880262909405708,0.0026694879311595088,239.43032604200388,1.442067983253309
Ma_xp_A2000_n70_r16_v00,62,5.353558992241947e+16,0.0005355508195260141,-141988822.43989193,1.039499264747743,0.003524831460547586,inf,1.654655285078497
Ma_xp_A2000_n70_r16_v00,63,5.178373201591767e+16,0.0005180258620373648,112855351.82330033,0.9616579656930792,0.03758209177754408,65.31453012989292,1.2766200830000307
Ma_xp_A2000_n70_r16_v00,64,4.949740898539837e+16,0.0004951543073487884,240200125.6304307,0.9788988414774833,0.015845358352432094,140.23653941077012,1.4953535707497112
Ma_xp_A2000_n70_r16_v00,65,4.8606633778702536e+16,0.0004862433120155768,101711375.00730838,0.9539249091053592,0.0010174463922461962,58.63295151678304,1.382611254899138
Ma_xp_A2000_n70_r16_v00,66,4.854724876492282e+16,0.00048564924566002937,150684057.71334615,0.9698050600954218,0.00610924926153207,87.56991277753646,1.3423502189799332
Ma_xp_A2000_n70_r16_v00,67,4.796329612942222e+16,0.000479807593163813,-224572702.85175443,1.0250549384191494,0.009607587270891374,inf,1.6600251484209017
Ma_xp_A2000_n70_r16_v00,68,4.602338567928464e+16,0.00046040142554926346,79083416.22134595,0.9483317179037152,0.005909125430204054,45.45824699342956,1.205518294280103
Ma_xp_A2000_n70_r16_v00,69,4.575615311727588e+16,0.0004577281269492999,-109858496.74869524,1.0531640318344098,0.002189687237204564,inf,1.7231215867909826
Ma_xp_A2000_n70_r16_v00,70,4.189612722159394e+16,0.00041911381383871645,-324152903.8623346,1.018246077808509,0.014831470796009907,inf,1.7449532691329932
Ma_xp_A2000_n70_r16_v00,71,4.069852944370287e+16,0.0004071334756685098,111474199.14679705,0.9599142659288423,0.024010064924230187,64.45784723139116,1.318343443809936
Ma_xp_A2000_n70_r16_v00,72,3.786784378686946e+16,0.0003788163127207487,-114686873.93277214,1.0568892194782402,0.013913587872098504,inf,1.9248994667162533
Ma_xp_A2000_n70_r16_v00,73,3.761050872715733e+16,0.00037624202518004316,-172795542.8190859,1.0342024394815457,0.0019842961424225134,inf,1.743628587092674
Ma_xp_A2000_n70_r16_v00,74,3.225595998468571e+16,0.00032267704212151586,322030386.22641635,0.9853918196284737,0.009585870263872389,188.6285571576117,1.387897320285523
Ma_xp_A2000_n70_r16_v00,75,3.0959387183828452e+16,0.00030970659335873024,45318893.85813074,0.9138228202715571,0.01888191144538317,25.588533192257003,1.152221407613618
Ma_xp_A2000_n70_r16_v00,76,3.0434819562107572e+16,0.0003044590072180612,172426080.06662473,0.9717499831825508,0.002099345024080531,100.3042101996166,1.4370968171261225
Ma_xp_A2000_n70_r16_v00,77,2.8791834180868596e+16,0.0002880231713812488,93296116.07295418,0.9539681250335798,0.007969669181575616,53.7830467608749,1.267029104564938
Ma_xp_A2000_n70_r16_v00,78,2.8762141673978736e+16,0.0002877261382034751,-152408348.70421034,1.0407819595664536,0.011080515568001825,inf,1.833754569831853
Ma_xp_A2000_n70_r16_v00,79,2.8534499121156468e+16,0.0002854488838405433,60934543.678228885,0.9282263611346373,0.005884586224734487,34.664579856636934,1.2903065149393331
Ma_xp_A2000_n70_r16_v00,80,2.781198145350318e+16,0.0002782210765147161,133823834.92490523,0.9710824400643845,0.0038599349220931286,77.82204191844095,1.1417196540064503
Ma_xp_A2000_n70_r16_v00,81,2.6990488762883696e+16,0.00027000315859630996,48605052.17047541,0.9262908423929994,0.0026193135409508456,27.622795955161752,1.056981103681976
Ma_xp_A2000_n70_r16_v00,82,2.683212872613777e+16,0.0002684189816481834,62712604.82168209,0.9334264282623171,0.012792566992875521,35.77229902564123,1.2317457135132641
Ma_xp_A2000_n70_r16_v00,83,2.6089816053891244e+16,0.00026099315220384046,57322510.21430617,0.9297321394987762,0.005741533254528045,32.63522356609927,1.1883552592768378
Ma_xp_A2000_n70_r16_v00,84,2.5189143344898788e+16,0.000251983145811371,135383829.042314,0.9652430189124078,0.012445860571131928,78.49598020328617,1.3882676458443783
Ma_xp_A2000_n70_r16_v00,85,2.291271781667611e+16,0.00022921060218205263,53220195.52690305,0.9238280260730746,0.02965140868954569,30.20696377275261,1.1960133783924274
Ma_xp_A2000_n70_r16_v00,86,2.2883025309786252e+16,0.0002289135690042789,43546408.47223753,0.9031384828742791,0.0037270190640198582,24.45046341775418,1.2444228322753423
Ma_xp_A2000_n70_r16_v00,87,2.252671522710792e+16,0.00022534917087099432,116095481.31772465,0.9558460109196555,0.004603001193617244,66.99067237677212,1.51234064445498
Ma_xp_A2000_n70_r16_v00,88,2.0755062316012868e+16,0.00020762619126382903,302030497.6262129,0.9842344539119418,0.017024688650052255,176.8105382865026,1.404831311498813
Ma_xp_A2000_n70_r16_v00,89,2.072536980912301e+16,0.0002073291580860553,-246139039.65744308,1.0254783544830959,0.015181490667900943,inf,1.8501896163213243
Ma_xp_A2000_n70_r16_v00,90,2.060659978156357e+16,0.00020614102537496048,93160923.70538491,0.9559037699561911,0.021511672530692753,53.758312992465974,1.2119915984087282
Ma_xp_A2000_n70_r16_v00,91,2.0398752233334536e+16,0.0002040617931305444,195442594.21675545,0.975970228265137,0.012938821442751595,113.93678935158957,1.385585167811797
Ma_xp_A2000_n70_r16_v00,92,2.0210699689698748e+16,0.00020218058300464417,-232689466.9148491,1.024143835425349,0.005147610470406945,inf,1.657476381296442
Ma_xp_A2000_n70_r16_v00,93,1.992367212309676e+16,0.00019930926228616493,-944989675.8406303,1.0060063913836987,0.006706501718552402,inf,1.67457673599452
Ma_xp_A2000_n70_r16_v00,94,1.991377462080014e+16,0.00019921025122690702,49055818.05356113,0.9150167594711532,0.0032277859787358983,27.715802838807235,1.2299520238929427
Ma_xp_A2000_n70_r16_v00,95,1.963664455649477e+16,0.00019643794156768563,-141147203.03722477,1.043308029335527,0.0025549477004019215,inf,1.8034539636417521
Ma_xp_A2000_n70_r16_v00,96,1.932982198529954e+16,0.00019336859873069056,-67049385.76734588,1.1191322307297238,0.01156391333625715,inf,2.3566139240364974
Ma_xp_A2000_n70_r16_v00,97,1.9310026980706296e+16,0.00019317057661217472,52013470.94583826,0.9171629128348932,0.0018509970173682178,29.41976617942952,1.2711740452869618
Ma_xp_A2000_n70_r16_v00,98,1.9310026980706296e+16,0.00019317057661217472,44666342.86577376,0.9101885702937197,0.011304324330623318,25.172189886125228,1.1835220865986296
Ma_xp_A2000_n70_r16_v00,99,1.9201154455443476e+16,0.0001920814549603378,44911822.56511211,0.9113803878268271,0.010145526032361461,25.326324482228532,1.1742346357016056
Ma_xp_A2000_n70_r16_v00,100,1.853802180156991e+16,0.0001854477139900581,43912290.85860039,0.9039740675186966,0.0040827928898080025,24.66672460248222,1.2440533049379905
Ma_xp_A2000_n70_r16_v00,101,1.847863678779019e+16,0.00018485364763451068,-196478754.95333067,1.030465287065197,0.007687056369859384,inf,1.7659777760335442
Ma_xp_A2000_n70_r16_v00,102,1.8062941691332136e+16,0.00018069518314567859,60103822.14367543,0.9383537350973861,0.013427239860823677,34.37157933200243,1.093133542271311
Ma_xp_A2000_n70_r16_v00,103,1.8013454179849036e+16,0.00018020012784938908,-472946921.0693987,1.0141423852151585,0.022432216176030632,inf,1.973328675051369
Ma_xp_A2000_n70_r16_v00,104,1.7706631608653804e+16,0.000177130785012394,287992030.30425483,0.9833233564461795,0.012591396795571506,168.51491965563787,1.4169465808305424
Ma_xp_A2000_n70_r16_v00,105,1.766704159946732e+16,0.00017673474077536234,105796744.15891851,0.9561428970210639,0.006577341015041926,61.05725021815111,1.3689153867572925
Ma_xp_A2000_n70_r16_v00,106,1.7300834014492368e+16,0.0001730713315828198,70550849.02328798,0.9418932719725196,0.017638171032679062,40.41959553039443,1.2094642266717883
Ma_xp_A2000_n70_r16_v00,107,1.7172166484636304e+16,0.00017178418781246704,49157282.168714456,0.927018694042546,0.0006867954959200482,27.947190348852946,1.0584341790800553
Ma_xp_A2000_n70_r16_v00,108,1.6954421434110656e+16,0.00016960594450879312,119912656.00240195,0.9651831629369463,0.0007601587455893262,69.52362667029658,1.2317390192753028
Ma_xp_A2000_n70_r16_v00,109,1.6924728927220796e+16,0.0001693089113310194,51535895.38757418,0.9159853495990333,0.023713485885365627,29.131736403912235,1.2774067662156177
Ma_xp_A2000_n70_r16_v00,110,1.649913632846612e+16,0.00016505143578292943,-588764173.3377723,1.0105771553833722,0.005948794752892284,inf,1.8372769274395389
Ma_xp_A2000_n70_r16_v00,111,1.5806311167702696e+16,0.000158120661634876,55889363.41255171,0.926248963835085,0.013528888339820765,31.761861148496898,1.2160786140354554
Ma_xp_A2000_n70_r16_v00,112,1.4994715979379828e+16,0.0001500017547757277,80476305.84480661,0.9455686213932942,0.006065661536095424,46.193295594425585,1.2923547049145057
Ma_xp_A2000_n70_r16_v00,113,1.357937315096312e+16,0.00013584317330184715,1257770397.985331,0.9956756866746344,0.0019477194910189118,740.5522356331034,1.604659475515097
Ma_xp_A2000_n70_r16_v00,114,1.3322038091250992e+16,0.00013326888576114162,-131328599.23325129,1.049034814812076,0.0068213956212542295,inf,1.8998889343359877
Ma_xp_A2000_n70_r16_v00,115,1.328244808206451e+16,0.00013287284152411,467945036.3386046,0.9905470317121995,0.004640144307479457,274.8094418316173,1.3050507711882247
Ma_xp_A2000_n70_r16_v00,116,1.3232960570581408e+16,0.00013237778622782046,54512078.7590506,0.9285658108787752,0.012484793504602524,31.01641285577108,1.1488497251704148
Ma_xp_A2000_n70_r16_v00,117,1.302511302235238e+16,0.00013029855398340442,3913844041.93892,0.9986596462234846,0.006961117026728463,2307.845448660727,1.5477019154167937
Ma_xp_A2000_n70_r16_v00,118,1.2837060478716594e+16,0.0001284173438575042,53519500.25201176,0.9246335726922831,0.02144110137483654,30.389563941211076,1.1900202169312823
Ma_xp_A2000_n70_r16_v00,119,1.2817265474123354e+16,0.0001282193217389884,-222076176.35359764,1.0277485822136607,0.0016392642993854306,inf,1.8180554763956989
Ma_xp_A2000_n70_r16_v00,120,1.272818795345377e+16,0.00012732822220566723,79803398.50277686,0.9540515078342594,0.01713012141697476,46.0067712567191,1.081824998054084
Ma_xp_A2000_n70_r16_v00,121,1.2639110432784188e+16,0.0001264371226723461,538069977.18145,0.9909990925617636,0.023585974758147724,316.06338288921546,1.428859141438038
Ma_xp_A2000_n70_r16_v00,122,1.2005670285800484e+16,0.00012010041487984008,50087579.76484831,0.9209891473914935,0.014259265106248078,28.386988389844923,1.1675652403945247
Ma_xp_A2000_n70_r16_v00,123,1.188690025824104e+16,0.00011891228216874521,61960760.84987625,0.9315678161696583,0.0052387668526875115,35.30945907154623,1.250954470201082
Ma_xp_A2000_n70_r16_v00,124,1.1718642719198496e+16,0.00011722909416136084,-676583157.3995774,1.0083384278679266,0.00545987265711303,inf,1.6644460406049288
Ma_xp_A2000_n70_r16_v00,125,1.1698847714605256e+16,0.00011703107204284502,46864998.2090622,0.9184772887254056,0.0009116331774746419,26.525869508848686,1.1271756063967435
Ma_xp_A2000_n70_r16_v00,126,1.1203972599774236e+16,0.0001120805190799497,160273302.34816575,0.9724184838399836,0.01990424026948816,93.26627054656922,1.3041984595766698
Ma_xp_A2000_n70_r16_v00,127,1.100602255384183e+16,0.00011010029789479159,-267016561.43918183,1.0198316858451268,0.014799126612335569,inf,1.56229194922787
Ma_xp_A2000_n70_r16_v00,128,1.097633004695197e+16,0.00010980326471701788,129305562.29103106,0.9625377235715656,0.016244445350881785,74.86857762613405,1.429143153350271
Ma_xp_A2000_n70_r16_v00,129,1.0758584996426322e+16,0.00010762502141334394,72341373.92443573,0.9434525620042782,0.0067858809744397895,41.4786925777708,1.206879880961014
Ma_xp_A2000_n70_r16_v00,130,1.0560634950493912e+16,0.00010564480022818579,72401486.43470338,0.9301168408461666,0.01151331456544511,41.228301599031205,1.4927406990678518
Ma_xp_A2000_n70_r16_v00,131,1.0540839945900672e+16,0.00010544677810966998,86109516.46916337,0.9499365301050123,0.00018383909660577762,49.537716994512714,1.2718516552370278
Ma_xp_A2000_n70_r16_v00,132,1.0412172416044608e+16,0.00010415963433931722,124531568.26133236,0.964468518970995,0.005983608631540639,72.17534900943353,1.3054406417435545
Ma_xp_A2000_n70_r16_v00,133,1.0313197393078404e+16,0.00010316952374673815,64071937.59390089,0.9372210147827298,0.01220601693168477,36.619414062473055,1.1867152155330767
Ma_xp_A2000_n70_r16_v00,134,1.020432486781558e+16,0.00010208040209490118,99441082.65161754,0.9597864662955836,0.00045184392312198104,57.49617582959746,1.179783840924761
Ma_xp_A2000_n70_r16_v00,135,9798527273654144.0,9.802094866532701e-05,211100613.55381626,0.9785189588983338,0.01497731943204335,123.2236513206361,1.3378554230230035
Ma_xp_A2000_n70_r16_v00,136,9758937264467664.0,9.76249044282954e-05,54655527.02118249,0.930755601154255,0.008395016217366127,31.133342655313715,1.1165626529515125
Ma_xp_A2000_n70_r16_v00,137,9600577227721738.0,9.60407274801689e-05,-294445612.0550362,1.0181226115065076,0.009796037061614901,inf,1.5743099091515795
Ma_xp_A2000_n70_r16_v00,138,9580782223128496.0,9.584270536165307e-05,-391428317.9897308,1.0140878363207677,0.005040457411919783,inf,1.626900154935165
Ma_xp_A2000_n70_r16_v00,139,9521397209348776.0,9.524863900610566e-05,-444710156.10358846,1.010856957623381,0.01974002710754619,inf,1.4244576838778038
Ma_xp_A2000_n70_r16_v00,140,9521397209348776.0,9.524863900610566e-05,50468609.167937726,0.922599881837958,0.014172212867516425,28.62691902133151,1.1524638775843912
Ma_xp_A2000_n70_r16_v00,141,9432319688679192.0,9.43575394727845e-05,87946859.89425157,0.9491114231572175,0.020990363209745535,50.5733085265358,1.320398447502595
Ma_xp_A2000_n70_r16_v00,142,9323447163416368.0,9.326841782094752e-05,47918538.45419648,0.9226840323785033,0.002315657005875475,27.18165178958515,1.0930426811016674
Ma_xp_A2000_n70_r16_v00,143,8412876952127296.0,8.415940036922016e-05,-149389504.372439,1.0413490449790876,0.001150530869964372,inf,1.8224261205781356
Ma_xp_A2000_n70_r16_v00,144,8393081947534056.0,8.396137825070436e-05,171185550.2995437,0.9716535338647383,0.0073576185911968465,99.57769440763394,1.4316286780977003
Ma_xp_A2000_n70_r16_v00,145,8304004426864472.0,8.30702787173832e-05,-145794779.86034113,1.038450456153885,0.005526374724585876,inf,1.6538946129179406
Ma_xp_A2000_n70_r16_v00,146,8254516915381371.0,8.257522342109368e-05,84278273.86312145,0.9428640113526859,0.013436175329143858,48.30837150835945,1.420658651322771
Ma_xp_A2000_n70_r16_v00,147,8175336897008408.0,8.178313494703042e-05,-85607537.47497876,1.0804072006945389,0.0036366763821426666,inf,2.030819426675284
Ma_xp_A2000_n70_r16_v00,148,8106054380932065.0,8.109005753222508e-05,51986170.67159457,0.9182752203253925,0.01187266960626911,29.42138456967887,1.2534469226324252
Ma_xp_A2000_n70_r16_v00,149,8086259376338825.0,8.089203541370928e-05,-123699886.16547725,1.0524898265988059,0.011308055985591066,inf,1.915617517367731
Ma_xp_A2000_n70_r16_v00,150,8076361874042204.0,8.079302435445135e-05,-89612372.5665494,1.074596428130097,0.0016090192858890535,inf,1.9721973476111763
Ma_xp_A2000_n70_r16_v00,151,8036771864855724.0,8.039698011741975e-05,-95511919.07300754,1.0698687646483431,0.013495706002359208,inf,1.96881539897435
Ma_xp_A2000_n70_r16_v00,152,8026874362559102.0,8.029796905816182e-05,197979421.77870023,0.9766753616897799,0.008640824004905937,115.456865364079,1.3623833621049424
Ma_xp_A2000_n70_r16_v00,153,7858616823516557.0,7.861478105077743e-05,133102460.76213342,0.964446713753301,0.012752573569405663,77.14196537443596,1.3961439408809988
Ma_xp_A2000_n70_r16_v00,154,7769539302846974.0,7.772368151745628e-05,79879874.63532749,0.9449822099315165,0.008347124187008656,45.83712497338008,1.2965965993164859
Ma_xp_A2000_n70_r16_v00,155,7670564279880770.0,7.673357092487721e-05,-92780562.53800295,1.0637871239560872,0.007926149589262379,inf,1.7460407857581048
Ma_xp_A2000_n70_r16_v00,156,7660666777584150.0,7.66345598656193e-05,918193663.0456837,0.9950310958608002,0.005919696206491403,540.4410413920851,1.3460440456984033
Ma_xp_A2000_n70_r16_v00,157,7571589256914567.0,7.574346033229816e-05,80805709.58997163,0.9410820481522072,0.01489029884058163,46.275412973386814,1.4046044863987839
Ma_xp_A2000_n70_r16_v00,158,7482511736244984.0,7.4852360798977e-05,158819749.7993606,0.9681064515875059,0.022245965078791334,92.21837268612924,1.4944166924579183
Ma_xp_A2000_n70_r16_v00,159,7462716731651743.0,7.465433868046119e-05,186044768.9257464,0.9742552362510614,0.020417232892252717,108.36402396482478,1.4130929702667714
Ma_xp_A2000_n70_r16_v00,160,7274664188015957.0,7.277312855456097e-05,45758783.75252024,0.9167404303139961,0.009345140986922393,25.87629764285315,1.1240173018409032
Ma_xp_A2000_n70_r16_v00,161,7047021635193689.0,7.049587419162914e-05,49604696.03310586,0.9094411284519405,0.01705444245651841,27.944312367596737,1.3253120803193896
Ma_xp_A2000_n70_r16_v00,162,6977739119117346.0,6.98027967768238e-05,-126235057.23100373,1.0474105156480051,0.005650538710995473,inf,1.7657085576566827
Ma_xp_A2000_n70_r16_v00,163,6977739119117346.0,6.98027967768238e-05,-1009114456.8632836,1.0051642382590784,0.011656444042773646,inf,1.5374856131944246
Ma_xp_A2000_n70_r16_v00,164,6948046612227485.0,6.950576359905007e-05,77971077.38575138,0.9413533676179815,0.004033827320766303,44.6583312168847,1.3490901642932815
Ma_xp_A2000_n70_r16_v00,165,6908456603041004.0,6.910971936201846e-05,394042879.9435249,0.9884240939639805,0.0005101224304213731,231.1622234945157,1.345745199111602
Ma_xp_A2000_n70_r16_v00,166,6888661598447763.0,6.891169724350263e-05,232103318.14042482,0.9812406259546586,0.008948460082956432,135.66972217692535,1.284588571223223
Ma_xp_A2000_n70_r16_v00,167,6819379082371421.0,6.82186198286973e-05,59905863.598931976,0.9390547702207873,0.004291015810024839,34.2707628192078,1.077143124991616
Ma_xp_A2000_n70_r16_v00,168,6700609054811976.0,6.703048711760241e-05,-109818892.65170509,1.0592881015854063,0.005871556552217542,inf,1.920918620307161
Ma_xp_A2000_n70_r16_v00,169,6641224041032255.0,6.6436420762055e-05,47597637.17068055,0.9207492938185996,0.0029238691091832305,26.972452569115973,1.1128916826500979
Ma_xp_A2000_n70_r16_v00,170,6631326538735635.0,6.633740970279709e-05,55443293.97585705,0.924546626478825,0.004956847445568107,31.48051464289997,1.2342184893360828
Ma_xp_A2000_n70_r16_v00,171,6601634031845774.0,6.604037652502337e-05,43185922.351662524,0.9107111014137961,0.0004041028909939274,24.344540865058498,1.1376378348456329
Ma_xp_A2000_n70_r16_v00,172,6393786483616746.0,6.396114428060734e-05,64409088.781993024,0.9308262561883889,0.014647669311632392,36.6905914611126,1.3144764143811478
Ma_xp_A2000_n70_r16_v00,173,6383888981320126.0,6.386213322134943e-05,52821637.46221159,0.9223608181855092,0.012269465452626024,29.957883525521584,1.2099214381672119
Ma_xp_A2000_n70_r16_v00,174,6304708962947163.0,6.307004474728619e-05,-219429961.68278447,1.025730382956112,0.0026489112686074274,inf,1.6657374085095202
Ma_xp_A2000_n70_r16_v00,175,6284913958353922.0,6.287202262877036e-05,146151666.09646103,0.9696700390461753,0.0008819320597054579,84.93009525501697,1.307795936286203
Ma_xp_A2000_n70_r16_v00,176,6235426446870820.0,6.237696733248084e-05,113939341.30901167,0.9658745160207035,0.003765303239140084,66.08362515166574,1.1471412203724067
Ma_xp_A2000_n70_r16_v00,177,6166143930794478.0,6.168388991767549e-05,58326229.33518968,0.9333952102812771,0.009779823590835193,33.269701262847924,1.1461295884219833
Ma_xp_A2000_n70_r16_v00,178,5987988889455312.0,5.990169085103319e-05,164765119.6831154,0.9698928297978942,0.010294557473119765,95.75737656426048,1.4635230864935524
Ma_xp_A2000_n70_r16_v00,179,5651473811370220.0,5.653531483626438e-05,99507757.76089808,0.9523636053172241,0.014827728750695358,57.316809175129066,1.3984926457283373
Ma_xp_A2000_n70_r16_v00,180,5601986299887118.0,5.604025953997485e-05,9311546102.073065,0.9994276454607471,0.00410792540091375,5492.77554166312,1.5723574801545388
Ma_xp_A2000_n70_r16_v00,181,5413933756251332.0,5.415904941407464e-05,90078306.85007887,0.9427723059885937,0.02398782695208935,51.63051775149015,1.5208655499282708
Ma_xp_A2000_n70_r16_v00,182,5404036253954712.0,5.406003835481674e-05,69993841.8815919,0.9408128479530584,0.010262383604724729,40.078167163708045,1.2222263347972762
Ma_xp_A2000_n70_r16_v00,183,5275368724098646.0,5.277289458446394e-05,51375084.031256355,0.9267622943476058,0.011674105184379264,29.204181967949417,1.1100732503756217
Ma_xp_A2000_n70_r16_v00,184,5255573719505406.0,5.2574872465948136e-05,64479145.037433796,0.9303257013959666,0.015664941145660596,36.720976801828186,1.325428294754666
Ma_xp_A2000_n70_r16_v00,185,5186291203429063.0,5.188179505114279e-05,-279730500.1039415,1.0207788903131487,0.017729194700533912,inf,1.7148515648036695
Ma_xp_A2000_n70_r16_v00,186,5117008687352720.0,5.1188717636337445e-05,-199180721.4747685,1.0300199445244134,0.000793083111125054,inf,1.7640932907523763
Ma_xp_A2000_n70_r16_v00,187,5087316180462859.0,5.0891684458563724e-05,198602449.92315623,0.9794350640274095,0.01152094042352589,115.98190092333475,1.2049702512669453
Ma_xp_A2000_n70_r16_v00,188,5027931166683137.0,5.029761810301629e-05,-299507595.97084916,1.0195888345568358,0.02343928851209995,inf,1.7309351662453412
Ma_xp_A2000_n70_r16_v00,189,4988341157496655.0,4.9901573865984655e-05,226324266.41567662,0.977293119890933,0.0193451162494111,132.02815012482077,1.5161876333598758
Ma_xp_A2000_n70_r16_v00,190,4760698604674388.0,4.762431950305283e-05,64536411.61052593,0.9379465135789974,0.006806615717291525,36.898691216851404,1.1815044524366443
Ma_xp_A2000_n70_r16_v00,191,4731006097784526.0,4.73272863252791e-05,335910668.78334033,0.9836911591442563,0.004437835670033185,196.59035961874812,1.6162601088461208
Ma_xp_A2000_n70_r16_v00,192,4641928577114943.0,4.6436186791957946e-05,889366480.101435,0.9935772894855313,0.006356886570147386,523.0921424280591,1.685246627220399
Ma_xp_A2000_n70_r16_v00,193,4602338567928462.0,4.6040142554926325e-05,75050344.27962658,0.9423018973966334,0.006879321198367263,43.00646882861463,1.277551988394714
Ma_xp_A2000_n70_r16_v00,194,4513261047258879.0,4.5149043021605176e-05,49368529.866016574,0.916081467112359,0.0018329510104381928,27.907987943607424,1.2222848789425569
Ma_xp_A2000_n70_r16_v00,195,4453876033479157.0,4.455497666605774e-05,-1395678722.003151,1.004066430472187,0.006320288112022263,inf,1.6744152484249881
Ma_xp_A2000_n70_r16_v00,196,4453876033479157.0,4.455497666605774e-05,46437657.92640888,0.9148608120201179,0.019877753953761578,26.23444501114494,1.1664447521882242
Ma_xp_A2000_n70_r16_v00,197,4255925987546749.5,4.257475548089961e-05,66567586.91781467,0.9332960776334507,0.019271631632136667,37.9686840789895,1.3100218763518023
Ma_xp_A2000_n70_r16_v00,198,4236130982953509.0,4.23767333623838e-05,-113302518.4531717,1.0575353387707018,0.007822950703514013,inf,1.9232626590284492
Ma_xp_A2000_n70_r16_v00,199,4236130982953509.0,4.23767333623838e-05,-1577754125.9343216,1.0033725837680727,0.0008264255472017875,inf,1.5698799100562988
Ma_xp_A2000_n70_r16_v00,200,4206438476063648.0,4.207970018461008e-05,-82939087.28497696,1.072616741313517,0.0013502788536830115,inf,1.7768892893206614
Ma_xp_A2000_n70_r16_v00,201,4196540973767028.0,4.198068912535218e-05,-1298202007.863511,1.004065500038697,0.004476122064919567,inf,1.557114711080029
Ma_xp_A2000_n70_r16_v00,202,4147053462283926.0,4.148563382906265e-05,70882751.1860524,0.9423664742491614,0.03056235562521531,40.619642869548066,1.2052582580827953
Ma_xp_A2000_n70_r16_v00,203,3998590927834621.0,4.0000467940194056e-05,74786517.20028922,0.9345501984303441,0.015500827870268217,42.68425186302814,1.4440957990395586
Ma_xp_A2000_n70_r16_v00,204,3919410909461658.0,3.920837946613081e-05,61671686.32163021,0.9221557156037429,0.018300434389663688,34.97347229799164,1.416370641456776
Ma_xp_A2000_n70_r16_v00,205,3909513407165038.0,3.910936840687291e-05,-499321929.6462745,1.009771260893788,0.026438909631856664,inf,1.4394467752068023
Ma_xp_A2000_n70_r16_v00,206,3909513407165038.0,3.910936840687291e-05,1927665408.2344534,0.997630541814289,0.01748440415866508,1136.0859400761333,1.3475505475300336
Ma_xp_A2000_n70_r16_v00,207,3889718402571797.0,3.891134628835709e-05,220544652.81893682,0.9798431334361507,0.03393380942680624,128.82248605978222,1.311547171630559
Ma_xp_A2000_n70_r16_v00,208,3889718402571797.0,3.891134628835709e-05,42388817.041987374,0.904563486064853,0.025247906086325246,23.818319267046093,1.1935214421956108
Ma_xp_A2000_n70_r16_v00,209,3840230891088695.5,3.841629099206756e-05,-638312017.1736029,1.0078673605678639,0.015892807098948622,inf,1.4815845386945687
Ma_xp_A2000_n70_r16_v00,210,3840230891088695.5,3.841629099206756e-05,101662219.19064981,0.9545139952260467,0.002044995166477191,58.62228357983863,1.364274432050916
Ma_xp_A2000_n70_r16_v00,211,3800640881902214.0,3.802024675503594e-05,-168846845.0214094,1.0374545590245754,0.000734687477262904,inf,1.865786730481697
Ma_xp_A2000_n70_r16_v00,212,3780845877308973.5,3.7822224636520124e-05,-285828778.6006153,1.0163343834439227,0.02113090914464105,inf,1.377441176861051
Ma_xp_A2000_n70_r16_v00,213,3780845877308973.5,3.7822224636520124e-05,297319145.39983034,0.9857143510450579,0.018859952226293365,174.18229646286923,1.2531042746025571
Ma_xp_A2000_n70_r16_v00,214,3761050872715733.0,3.762420251800432e-05,-171294959.04183716,1.0342854535492314,0.011991795748298265,inf,1.7326819181137052
Ma_xp_A2000_n70_r16_v00,215,3701665858936011.0,3.703013616245688e-05,53512884.938381344,0.9273213394695534,0.013666016997269279,30.428241651665797,1.1474390908515903
Ma_xp_A2000_n70_r16_v00,216,3691768356639390.0,3.693112510319897e-05,605962238.6334616,0.9921222219692873,0.024452778995038105,356.14422223218025,1.408359938323689
Ma_xp_A2000_n70_r16_v00,217,3671973352046150.0,3.673310298468316e-05,-186552931.5432194,1.03157666357779,0.006155758792349065,inf,1.7379316001742868
Ma_xp_A2000_n70_r16_v00,218,3632383342859668.5,3.633705874765154e-05,48297290.214404106,0.911538820207883,0.0041843996021998665,27.237688495553847,1.2604913034749827
Ma_xp_A2000_n70_r16_v00,219,3622485840563048.0,3.6238047688393634e-05,90361135.45549497,0.9524714722684355,0.0005675129181567065,52.051199049605486,1.2670694003104133
Ma_xp_A2000_n70_r16_v00,220,3602690835969807.0,3.604002556987781e-05,213149723.10558924,0.9753403685935345,0.0033545243537212526,124.2198709558945,1.5507283098315454
Ma_xp_A2000_n70_r16_v00,221,3592793333673187.0,3.594101451061991e-05,41581038.07861581,0.9094648924315767,0.0601504078770327,23.424555952788737,1.11064869604785
Ma_xp_A2000_n70_r16_v00,222,3563100826783326.0,3.564398133284619e-05,69576863.70957907,0.9396851908734782,0.008379391503083405,39.8162596739616,1.2380927140478775
Ma_xp_A2000_n70_r16_v00,223,3553203324486705.5,3.5544970273588285e-05,-758961680.5596255,1.0067275113499294,0.0036883351569717395,inf,1.5063942528769438
Ma_xp_A2000_n70_r16_v00,224,3543305822190085.0,3.544595921433038e-05,44792454.68542363,0.9134842475733738,0.024647414079512996,25.28681411733361,1.1433110842734873
Ma_xp_A2000_n70_r16_v00,225,3533408319893465.0,3.534694815507248e-05,254061932.34496748,0.9802562554574632,0.0156771300686489,148.43125263305288,1.4799037882290325
Ma_xp_A2000_n70_r16_v00,226,3493818310706983.5,3.495090391804085e-05,85930332.15839192,0.9457728964919759,0.00866439632674491,49.329078418749624,1.3747611790624008
Ma_xp_A2000_n70_r16_v00,227,3394843287740780.0,3.396079332546179e-05,71344483.24961245,0.9352039766836554,0.0019905462953619035,40.73347918545227,1.3638704234059433
Ma_xp_A2000_n70_r16_v00,228,3345355776257678.0,3.346573802917226e-05,-75136931.51817077,1.098331383296905,0.019815771235769483,inf,2.179766459025389
Ma_xp_A2000_n70_r16_v00,229,3345355776257678.0,3.346573802917226e-05,50666728.31784613,0.9110669569633884,0.012765838597036564,28.566900813003965,1.3293837822732908
Ma_xp_A2000_n70_r16_v00,230,3325560771664437.5,3.3267715910656446e-05,154627561.11721513,0.9635687779771831,0.017485268397353402,89.57717988627299,1.6619769906794377
Ma_xp_A2000_n70_r16_v00,231,3325560771664437.5,3.3267715910656446e-05,80761304.0050009,0.9455238451295522,0.004113000200221468,46.355817290304195,1.2979983196683118
Ma_xp_A2000_n70_r16_v00,232,3276073260181336.0,3.277266061436692e-05,-290232173.7610245,1.022133846908385,0.011248293065984724,inf,1.8952513650728104
Ma_xp_A2000_n70_r16_v00,233,3276073260181336.0,3.277266061436692e-05,-1485108133.3496635,1.0029143403908365,0.0011624607118769523,inf,1.2769171316656462
Ma_xp_A2000_n70_r16_v00,234,3256278255588095.0,3.2574638495851104e-05,-279417203.6559949,1.0207409301433477,0.010483425950796406,inf,1.7098016527153077
Ma_xp_A2000_n70_r16_v00,235,3236483250994854.5,3.23766163773353e-05,-92676189.8271303,1.0740574956186857,0.003907988343473717,inf,2.0248905508420667
Ma_xp_A2000_n70_r16_v00,236,3236483250994854.5,3.23766163773353e-05,384075368.1843044,0.9872031223715647,0.018113214398912055,225.17650711959232,1.450056199070887
Ma_xp_A2000_n70_r16_v00,237,3206790744104993.5,3.2079583199561576e-05,486863548.63923633,0.9899310538318651,0.004971444767752581,285.8312123959277,1.4462908577889384
Ma_xp_A2000_n70_r16_v00,238,3186995739511753.0,3.188156108104577e-05,-260344564.1485274,1.0178007888918963,0.007308348396822925,inf,1.3672632027026663
Ma_xp_A2000_n70_r16_v00,239,3177098237215132.5,3.1782550021787855e-05,84785835.55375637,0.9518178905000765,0.0010069785124033727,48.82328092486183,1.2052398326282927
Ma_xp_A2000_n70_r16_v00,240,3137508228028651.0,3.1386505784756234e-05,-163332781.69757915,1.0382302373127315,0.005676040219687558,inf,1.8422336643301405
Ma_xp_A2000_n70_r16_v00,241,3137508228028651.0,3.1386505784756234e-05,85655509.93888281,0.9403407880113205,0.013283548145257996,49.034040316366244,1.5076383612456867
Ma_xp_A2000_n70_r16_v00,242,3107815721138790.0,3.1089472606982514e-05,-99078491.66040465,1.0673381774298385,0.01860021615713586,inf,1.968362605372209
Ma_xp_A2000_n70_r16_v00,243,3107815721138790.0,3.1089472606982514e-05,733629065.3248321,0.9936557553722134,0.0006199349156008405,431.51019572007345,1.3731589486576694
Ma_xp_A2000_n70_r16_v00,244,3107815721138790.0,3.1089472606982514e-05,74771508.93847668,0.948168235099631,0.01817389661080102,42.976096357695354,1.1433955664684947
Ma_xp_A2000_n70_r16_v00,245,3088020716545549.0,3.08914504884667e-05,-328378659.49205875,1.0164779458220488,0.0075218992836770604,inf,1.5964023484959848
Ma_xp_A2000_n70_r16_v00,246,3068225711952309.0,3.069342836995089e-05,94868836.90694986,0.9473930768812424,0.014518343097065744,54.50565458161082,1.4724170554742186
Ma_xp_A2000_n70_r16_v00,247,3068225711952309.0,3.069342836995089e-05,82063921.8419468,0.9431080676070535,0.0003931996109098576,47.045012122897624,1.3774229512707141
Ma_xp_A2000_n70_r16_v00,248,3068225711952309.0,3.069342836995089e-05,41080088.2209925,0.9051737859066118,0.012738517586050171,23.09033993254636,1.1492754803419707
Ma_xp_A2000_n70_r16_v00,249,3038533205062448.0,3.039639519217718e-05,-550065437.7322602,1.0101277678429266,0.01030802689481164,inf,1.6435860899159502
Ma_xp_A2000_n70_r16_v00,250,3028635702765827.0,3.0297384132919265e-05,-186472645.7736597,1.029286442051932,0.023082816535484343,inf,1.611187589532599
Ma_xp_A2000_n70_r16_v00,251,3008840698172586.5,3.0099362014403454e-05,97251311.88864176,0.9578462706603538,0.004418944596189586,56.17439690160914,1.2094720399112922
Ma_xp_A2000_n70_r16_v00,252,2979148191282725.5,2.9802328836629737e-05,-97016199.83164218,1.0669414551350707,0.007576184383191052,inf,1.916036462134511
Ma_xp_A2000_n70_r16_v00,253,2979148191282725.5,2.9802328836629737e-05,47401953.113203414,0.9232654148235725,0.025475739207569983,26.896750853433456,1.0731285465980618
Ma_xp_A2000_n70_r16_v00,254,2969250688986105.0,2.970331777737183e-05,91785666.4578087,0.9441141412114841,0.012798771398989266,52.645467508820325,1.5133561865971148
Ma_xp_A2000_n70_r16_v00,255,2870275666019902.0,2.8713207184792774e-05,-324613481.41753757,1.01802897748496,0.03530675035795365,inf,1.7266408460809182
Ma_xp_A2000_n70_r16_v00,256,2850480661426661.0,2.8515185066276957e-05,-107571549.60863797,1.060498534020686,0.00192699492291961,inf,1.9200239131600831
Ma_xp_A2000_n70_r16_v00,257,2820788154536800.0,2.821815188850324e-05,198669838.9436557,0.9735282872024601,0.013569746812337259,115.67503967230016,1.5515949013276182
Ma_xp_A2000_n70_r16_v00,258,2791095647646939.0,2.7921118710729522e-05,-237869378.53357285,1.0235991520403644,0.0053357646722887505,inf,1.656148585266496
Ma_xp_A2000_n70_r16_v00,259,2791095647646939.0,2.7921118710729522e-05,246414960.93748906,0.9794258055964304,0.01041127443687214,143.9032696753805,1.495733680565245
Ma_xp_A2000_n70_r16_v00,260,2781198145350319.0,2.782210765147162e-05,495699605.0369136,0.9904560753809223,0.021467498027406013,291.095527484776,1.3957573872780349
Ma_xp_A2000_n70_r16_v00,261,2771300643053698.0,2.7723096592213708e-05,270544606.7334657,0.9819268397410748,0.00860374370910987,158.19431108784465,1.442571480950533
Ma_xp_A2000_n70_r16_v00,262,2751505638460458.0,2.75250744736979e-05,-1092994616.8876436,1.0058011662498298,0.005424049644909956,inf,1.870672217947869
Ma_xp_A2000_n70_r16_v00,263,2692120624680735.5,2.693100811815046e-05,-208821572.20514378,1.0246268928781062,0.00020740725841836695,inf,1.5172227435709649
Ma_xp_A2000_n70_r16_v00,264,2682223122384115.0,2.6831997058892553e-05,76234258.31740877,0.9443345537380644,0.009497437725178132,43.730610008889606,1.2519882017071056
Ma_xp_A2000_n70_r16_v00,265,2662428117790874.0,2.663397494037674e-05,353305384.5792538,0.9882831685875658,0.02992306355179311,207.24919590803577,1.2213068677446053
Ma_xp_A2000_n70_r16_v00,266,2662428117790874.0,2.663397494037674e-05,67984850.98442963,0.9382694291890521,0.010592888932296514,38.876813191058616,1.238160099650708
Ma_xp_A2000_n70_r16_v00,267,2652530615494254.0,2.6534963881118835e-05,-159624280.73068848,1.0360219443462175,0.0181978840096168,inf,1.6964086020905336
Ma_xp_A2000_n70_r16_v00,268,2622838108604392.5,2.6237930703345114e-05,233845449.04905945,0.9782510461296448,0.020242844165192883,136.48178321698137,1.500484993114177
Ma_xp_A2000_n70_r16_v00,269,2593145601714532.0,2.59408975255714e-05,4138738158.414162,0.9989090149180108,0.004391709644780984,2440.7614737392637,1.3321438528070395
Ma_xp_A2000_n70_r16_v00,270,2593145601714532.0,2.59408975255714e-05,129655013.91149369,0.9629149537874799,0.010471723055280935,75.0853416847307,1.418575654991201
Ma_xp_A2000_n70_r16_v00,271,2583248099417911.5,2.5841886466313493e-05,-104731017.5231323,1.062157780397397,0.037136088302950426,inf,1.9205922962085231
Ma_xp_A2000_n70_r16_v00,272,2573350597121291.0,2.5742875407055586e-05,-245025010.71655506,1.0253145379490989,0.03235617535791373,inf,1.829973427426639
Ma_xp_A2000_n70_r16_v00,273,2533760587934809.0,2.5346831170023955e-05,521166998.17435586,0.9909815047639617,0.008310446424642598,306.1318348601552,1.386677117632627
Ma_xp_A2000_n70_r16_v00,274,2484273076451708.0,2.485177587373443e-05,166173706.57421827,0.9738448822078326,0.02290480538805137,96.76976553445252,1.2822814189142173
Ma_xp_A2000_n70_r16_v00,275,2474375574155087.5,2.4752764814476524e-05,-156378535.94539362,1.0395843767109538,0.0005143474283284098,inf,1.8262713899896432
Ma_xp_A2000_n70_r16_v00,276,2434785564968605.0,2.435672057744489e-05,273245504.6869808,0.9821168474350428,0.02999086640856416,159.78891232510858,1.441655420565277
Ma_xp_A2000_n70_r16_v00,277,2434785564968605.0,2.435672057744489e-05,171926816.72281507,0.9751704911286828,0.009675234235283768,100.18727689175209,1.2594360292186046
Ma_xp_A2000_n70_r16_v00,278,2365503048892262.5,2.3663643162639544e-05,235918404.9082651,0.981564496818836,0.030488851436391802,137.9222703385009,1.2831610869395103
Ma_xp_A2000_n70_r16_v00,279,2355605546595642.0,2.3564632103381637e-05,98453374.20940125,0.9513918215762726,0.007144763482391894,56.68125364768075,1.411901218465432
Ma_xp_A2000_n70_r16_v00,280,2316015537409161.0,2.3168587866350016e-05,47549375.17213276,0.9211005110082225,0.017663758815731453,26.950030665675154,1.1068362304055421
Ma_xp_A2000_n70_r16_v00,281,2306118035112541.0,2.3069576807092116e-05,102836754.97397636,0.9546036942060665,0.01291945605475354,59.30228681879282,1.37731487701857
Ma_xp_A2000_n70_r16_v00,282,2236835519036198.8,2.2376499392286774e-05,73706716.9751574,0.9399107709548652,0.007472770984061183,42.184526966168946,1.3066764415061685
Ma_xp_A2000_n70_r16_v00,283,2226938016739578.5,2.227748833302887e-05,-499931883.2476342,1.012380058011502,0.005209762120149304,inf,1.8259878201520012
Ma_xp_A2000_n70_r16_v00,284,2187348007553096.8,2.188144409599724e-05,138614046.4808211,0.970213930137037,0.020791234134913295,80.57215674558975,1.2181052286371827
Ma_xp_A2000_n70_r16_v00,285,2147757998366615.5,2.148539985896562e-05,72119700.58338162,0.9455996904753328,0.007336741380815667,41.397276038413025,1.157496396094493
Ma_xp_A2000_n70_r16_v00,286,2127962993773375.0,2.1287377740449808e-05,-179527008.8087126,1.0357474373675892,0.0016877729478725594,inf,1.8933856035344723
Ma_xp_A2000_n70_r16_v00,287,2118065491476754.8,2.1188366681191905e-05,94939189.06806938,0.9555280890960451,0.001075972958769285,54.773934497303394,1.2456489622448466
Ma_xp_A2000_n70_r16_v00,288,2068577979993653.0,2.0693311384902373e-05,345692825.05023175,0.9866243130094434,0.007788893268744821,202.61447737946906,1.3641773190007778
Ma_xp_A2000_n70_r16_v00,289,2009192966213931.0,2.009924502935494e-05,121605124.10788567,0.9592057170059648,0.014100332999394095,70.2904423570997,1.4635768834287832
Ma_xp_A2000_n70_r16_v00,290,1999295463917310.5,2.0000233970097028e-05,244382253.53697065,0.9775620254704727,0.015454199456745157,142.58181569364515,1.617773353099584
Ma_xp_A2000_n70_r16_v00,291,1979500459324069.8,1.9802211851581218e-05,-821309525.6813529,1.0052213562062136,0.016924479759468338,inf,1.2651864844781366
Ma_xp_A2000_n70_r16_v00,292,1959705454730829.2,1.9604189733065407e-05,51882238.00127558,0.9181052119698067,0.0021542307958966685,29.35996197636957,1.2535432611436805
Ma_xp_A2000_n70_r16_v00,293,1939910450137588.5,1.9406167614549593e-05,1011974380.1453278,0.9945762082842468,0.003315583210502053,595.5037681165567,1.6193356718060936
Ma_xp_A2000_n70_r16_v00,294,1939910450137588.5,1.9406167614549593e-05,147215222.5722022,0.9652509015496821,0.009822721691313084,85.35620264990634,1.5092480491361322
Ma_xp_A2000_n70_r16_v00,295,1939910450137588.5,1.9406167614549593e-05,112491101.79128832,0.9603095577053894,0.025907923070121,65.05897093915691,1.3172507993227014
Ma_xp_A2000_n70_r16_v00,296,1890422938654487.0,1.8911112318260065e-05,452267938.3371218,0.9893790348675245,0.015425735882466846,265.44692570309144,1.4171771658401329
Ma_xp_A2000_n70_r16_v00,297,1860730431764625.8,1.8614079140486345e-05,-340621358.550711,1.0140448981723613,0.0011391481074235206,inf,1.4114153403676384
Ma_xp_A2000_n70_r16_v00,298,1850832929468005.5,1.851506808122844e-05,-152755353.05965474,1.04079513935839,0.018472993293095378,inf,1.8385236512195584
Ma_xp_A2000_n70_r16_v00,299,1850832929468005.5,1.851506808122844e-05,-134236755.70993397,1.0448561244679286,0.02522445606287583,inf,1.776468689274444
Ma_xp_A2000_n70_r16_v00,300,1840935427171385.0,1.8416057021970534e-05,-163405931.8748973,1.03543726212146,0.0066608772204148755,inf,1.7084109278808606
Ma_xp_A2000_n70_r16_v00,301,1801345417984903.8,1.802001278493891e-05,1092292214.9353597,0.9958592741363668,0.017443418761404535,643.1808665719697,1.3343804764797385
Ma_xp_A2000_n70_r16_v00,302,1801345417984903.8,1.802001278493891e-05,126783936.21489327,0.9622216233933988,0.0033183730266849905,73.39671961640153,1.4130967074770746
Ma_xp_A2000_n70_r16_v00,303,1801345417984903.8,1.802001278493891e-05,85446500.03690185,0.949358948701289,0.006528097513663331,49.14173166606864,1.2766191449075253
Ma_xp_A2000_n70_r16_v00,304,1791447915688283.5,1.7921001725681006e-05,154189748.98390183,0.9666132904538148,0.016858550509248036,89.4620473826461,1.5187751480527305
Ma_xp_A2000_n70_r16_v00,305,1761755408798422.2,1.7623968547907285e-05,-119005682.52341437,1.0543620352887977,0.0019617682307239907,inf,1.9086564723131156
Ma_xp_A2000_n70_r16_v00,306,1741960404205181.5,1.742594642939147e-05,112554287.00873387,0.961763910271166,0.038285679334188485,65.14380829031917,1.269696361537359
Ma_xp_A2000_n70_r16_v00,307,1741960404205181.5,1.742594642939147e-05,42024681.324308775,0.9128721881299804,0.013087569214225528,23.716726396310854,1.0802532905507898
Ma_xp_A2000_n70_r16_v00,308,1732062901908561.5,1.7326935370133568e-05,152864390.87771046,0.9721170258698347,0.004109686250528021,88.9412798050315,1.257505194355118
Ma_xp_A2000_n70_r16_v00,309,1712267897315320.5,1.7128913251617754e-05,40900332.88931108,0.9036425819644573,0.03798534091861595,22.970826170412735,1.1627232553498161
Ma_xp_A2000_n70_r16_v00,310,1692472892722080.0,1.6930891133101944e-05,-56830276.97649362,1.1758254855473966,0.0279833766344185,inf,2.9479896867340396
Ma_xp_A2000_n70_r16_v00,311,1692472892722080.0,1.6930891133101944e-05,174203169.91568488,0.9684104059686712,0.014911611444788116,101.16634678116615,1.6235454835837353
Ma_xp_A2000_n70_r16_v00,312,1672677888128839.0,1.673286901458613e-05,-371730465.8528851,1.0161125098763553,0.0043397421107929535,inf,1.7670779768097815
Ma_xp_A2000_n70_r16_v00,313,1652882883535598.5,1.653484689607032e-05,68170470.38500057,0.9299792460540268,0.02025725828572809,38.81622452774503,1.4082748880983555
Ma_xp_A2000_n70_r16_v00,314,1633087878942358.0,1.633682477755451e-05,-125493423.83182047,1.043433472911931,0.017178804635417842,inf,1.6080882798716185
Ma_xp_A2000_n70_r16_v00,315,1623190376645737.5,1.6237813718296602e-05,47770023.99650129,0.9219460713329607,0.01454836044048449,27.087006917703764,1.1000554788156565
Ma_xp_A2000_n70_r16_v00,316,1613292874349117.0,1.613880265903869e-05,-179708615.4495242,1.0334194267057821,0.014990776271181857,inf,1.7718716336961085
Ma_xp_A2000_n70_r16_v00,317,1583600367459256.0,1.5841769481264974e-05,179708822.15721333,0.9735123790920286,0.013629808070902475,104.63418945546786,1.404354375311497
Ma_xp_A2000_n70_r16_v00,318,1583600367459256.0,1.5841769481264974e-05,56443951.33861152,0.9287345558776504,0.0203985496357199,32.11842437440821,1.1867541702807016
Ma_xp_A2000_n70_r16_v00,319,1534112855976154.5,1.5346714184975446e-05,-168653658.36680084,1.0340341145984078,0.004529719636318494,inf,1.6934586034212755
Ma_xp_A2000_n70_r16_v00,320,1534112855976154.5,1.5346714184975446e-05,87527965.28192434,0.9408843138768449,0.01653962320648857,50.119974875717375,1.5265601777857076
Ma_xp_A2000_n70_r16_v00,321,1514317851382913.5,1.5148692066459632e-05,163430961.3871295,0.9695559005308876,0.014320272794440397,94.96575138795,1.4679181132327601
Ma_xp_A2000_n70_r16_v00,322,1474727842196432.5,1.4752647829428011e-05,-71558904.53498259,1.1052153804537022,0.0012547771596951543,inf,2.221300299601223
Ma_xp_A2000_n70_r16_v00,323,1474727842196432.5,1.4752647829428011e-05,-402529797.3544479,1.0165132582858556,0.006699678822078709,inf,1.961079366120994
Ma_xp_A2000_n70_r16_v00,324,1415342828416710.5,1.4158581473880577e-05,174968804.01981038,0.9757102811748221,0.006866109560796737,101.9878049820923,1.2538554514880833
Ma_xp_A2000_n70_r16_v00,325,1395547823823469.5,1.3960559355364761e-05,143809377.13252702,0.9687532215427892,0.023533885710024856,83.53007066461853,1.3257352846524706
Ma_xp_A2000_n70_r16_v00,326,1385650321526849.2,1.3861548296106856e-05,139428040.3502226,0.9623441173942984,0.01966032955016803,80.72157981444879,1.5489853722882465
Ma_xp_A2000_n70_r16_v00,327,1365855316933608.5,1.3663526177591044e-05,-92404312.63003495,1.072235793471496,0.018233311239695918,inf,1.969287164189038
Ma_xp_A2000_n70_r16_v00,328,1365855316933608.5,1.3663526177591044e-05,-325428875.91704905,1.0146384450471055,0.0067354913473816475,inf,1.4054499828449774
Ma_xp_A2000_n70_r16_v00,329,1346060312340367.8,1.346550405907523e-05,-64049291.862143055,1.1333558924312785,0.015989188472293723,inf,2.519944084929197
Ma_xp_A2000_n70_r16_v00,330,1346060312340367.8,1.346550405907523e-05,141144919.08102638,0.9675525456850415,0.000802517708170484,81.9324516443082,1.3511707666824382
Ma_xp_A2000_n70_r16_v00,331,1336162810043747.5,1.3366492999817326e-05,60552070.608949654,0.9277484580426367,0.0022836134147548788,34.438460170435626,1.290745086357206
Ma_xp_A2000_n70_r16_v00,332,1326265307747127.2,1.3267481940559421e-05,-111309458.14465831,1.052550563559948,0.0018347655251954968,inf,1.7257338117876468
Ma_xp_A2000_n70_r16_v00,333,1326265307747127.2,1.3267481940559421e-05,175178440.38326994,0.9727099138020785,0.025137895939603194,101.95493318438207,1.4104247641471868
Ma_xp_A2000_n70_r16_v00,334,1296572800857266.0,1.29704487627857e-05,860652434.6699758,0.995193388875809,0.00742593123088681,506.61396895512746,1.2204813590638086
Ma_xp_A2000_n70_r16_v00,335,1276777796264025.5,1.277242664426989e-05,-367367416.45715046,1.0149313186876983,0.012594144150798247,inf,1.6183153770756982
Ma_xp_A2000_n70_r16_v00,336,1266880293967404.5,1.2673415585011978e-05,53783304.0261728,0.9256585914514913,0.01617249026760279,30.555622208186232,1.1796213535029838
Ma_xp_A2000_n70_r16_v00,337,1247085289374163.2,1.247539346649616e-05,139041634.70532578,0.9655296869270641,0.022842850602681715,80.62854719934687,1.4140164267488924
Ma_xp_A2000_n70_r16_v00,338,1247085289374163.2,1.247539346649616e-05,108973506.9910265,0.9588814232288788,0.04089022452808196,62.978663067952255,1.321975369000984
Ma_xp_A2000_n70_r16_v00,339,1237187787077543.0,1.2376382407238255e-05,176512420.40265834,0.9719669411587148,0.021879643989296746,102.6926265637856,1.4598563408660223
Ma_xp_A2000_n70_r16_v00,340,1217392782484302.5,1.2178360288722445e-05,44359244.15090043,0.9077394034735257,0.0032800593470739756,24.967068291776155,1.20743777159628
Ma_xp_A2000_n70_r16_v00,341,1197597777891062.0,1.1980338170206634e-05,518030227.01711994,0.9906541600648258,0.0011063667887464149,304.2392761324549,1.4283604022079883
Ma_xp_A2000_n70_r16_v00,342,1197597777891062.0,1.1980338170206634e-05,65425846.479170606,0.9313346383909716,0.005909443064832922,37.27959980860664,1.3254136029116461
Ma_xp_A2000_n70_r16_v00,343,1158007768704580.5,1.1584293933175008e-05,152053096.25726134,0.9658065105201511,0.03771706242033618,88.18615328729064,1.5339212117572263
Ma_xp_A2000_n70_r16_v00,344,1138212764111340.0,1.13862718146592e-05,90229926.89468996,0.9522042105881295,0.005062089037674205,51.968503674545765,1.2723441759867438
Ma_xp_A2000_n70_r16_v00,345,1138212764111340.0,1.13862718146592e-05,69296837.50125016,0.9386732243960966,0.02928581983922651,39.635321846585335,1.2537989684317241
Ma_xp_A2000_n70_r16_v00,346,1128315261814719.8,1.1287260755401294e-05,551722910.942569,0.9912800276741319,0.019111672719150756,324.12887250927025,1.4193859020405895
Ma_xp_A2000_n70_r16_v00,347,1128315261814719.8,1.1287260755401294e-05,205284444.09560466,0.9746122998929742,0.0005827059864515115,119.59203076792228,1.5376013876196264
Ma_xp_A2000_n70_r16_v00,348,1098622754924858.9,1.0990227577627577e-05,-100676862.27953786,1.089849140222388,0.005398258995132828,inf,2.668750410415767
Ma_xp_A2000_n70_r16_v00,349,1098622754924858.9,1.0990227577627577e-05,-208571435.15414774,1.0268831795380111,0.007005220055724007,inf,1.6542449735210494
Ma_xp_A2000_n70_r16_v00,350,1078827750331618.1,1.0792205459111765e-05,-154357343.34930742,1.0368716189329001,0.037373053945793405,inf,1.6791282323264467
Ma_xp_A2000_n70_r16_v00,351,1068930248034997.8,1.0693194399853858e-05,-88473771.25791135,1.0776321953886085,0.011927611065763911,inf,2.0263794356280376
Ma_xp_A2000_n70_r16_v00,352,1059032745738377.4,1.0594183340595952e-05,127654100.03511867,0.9658041321855414,0.020612085439469668,74.03539086575093,1.287872173115384
Ma_xp_A2000_n70_r16_v00,353,1039237741145136.6,1.0396161222080138e-05,-96847175.56769812,1.0704412925493647,0.007381079087096087,inf,2.0126981049546866
Ma_xp_A2000_n70_r16_v00,354,1029340238848516.2,1.0297150162822233e-05,333040916.9584737,0.9847394835952368,0.01051314412084147,195.01385382512026,1.4994472272317967
Ma_xp_A2000_n70_r16_v00,355,989750229662035.0,9.901105925790609e-06,-781894285.9471585,1.006547628141836,0.011803572938192623,inf,1.510415409531892
Ma_xp_A2000_n70_r16_v00,356,960057722772173.9,9.60407274801689e-06,-117090879.62412247,1.0559812699808986,0.013936334774092412,inf,1.9338829162233064
Ma_xp_A2000_n70_r16_v00,357,950160220475553.5,9.505061688758985e-06,-205014336.34468853,1.029424802077099,0.009164488651324066,inf,1.7797628765039917
Ma_xp_A2000_n70_r16_v00,358,940262718178933.4,9.406050629501081e-06,160394199.75033844,0.9725688152463643,0.03294315389258859,93.34373700366243,1.2980684250665537
Ma_xp_A2000_n70_r16_v00,359,940262718178933.4,9.406050629501081e-06,116049340.16124941,0.9629596655080856,0.0010843254711283138,67.20760405527665,1.2681830291012326
Ma_xp_A2000_n70_r16_v00,360,880877704399211.1,8.811984273953643e-06,65893002.93480852,0.933015743905464,0.01211896874045714,37.5784664659076,1.3021961302325487
Ma_xp_A2000_n70_r16_v00,361,870980202102590.8,8.712973214695736e-06,156318148.021828,0.9684259024077903,0.018458677296504994,90.78055512098578,1.4561452901828253
Ma_xp_A2000_n70_r16_v00,362,870980202102590.8,8.712973214695736e-06,67758788.95526367,0.935675381083885,0.012881888169159786,38.69568362081799,1.2859000671971663
Ma_xp_A2000_n70_r16_v00,363,861082699805970.6,8.613962155437832e-06,105155498.731962,0.9568801175855476,0.003073417806401169,60.71004712298825,1.3377467887757195
Ma_xp_A2000_n70_r16_v00,364,831390192916109.5,8.316928977664113e-06,-255767076.60557756,1.0223262947914935,0.002668272402448275,inf,1.684711948740117
Ma_xp_A2000_n70_r16_v00,365,821492690619489.1,8.217917918406206e-06,-152274508.2721519,1.0404291593048742,0.002522828603636903,inf,1.8162945428547626
Ma_xp_A2000_n70_r16_v00,366,821492690619489.1,8.217917918406206e-06,-176029220.82848477,1.0336543423853481,0.014139733891532778,inf,1.7477939718506812
Ma_xp_A2000_n70_r16_v00,367,821492690619489.1,8.217917918406206e-06,312921729.57791626,0.9849035407016485,0.007918801479362591,183.2481041456527,1.3937188830632115
Ma_xp_A2000_n70_r16_v00,368,811595188322868.8,8.118906859148301e-06,105154689.38877775,0.9478981293667115,0.03937649250277174,60.430925727847104,1.6163906248761577
Ma_xp_A2000_n70_r16_v00,369,811595188322868.8,8.118906859148301e-06,103610105.90988661,0.9563789836885358,0.01360934769310242,59.802517686928915,1.3334055524200314
Ma_xp_A2000_n70_r16_v00,370,801697686026248.4,8.019895799890394e-06,218183113.4753818,0.976680799577256,0.019146266723909622,127.23952535736034,1.5010638005578214
Ma_xp_A2000_n70_r16_v00,371,801697686026248.4,8.019895799890394e-06,104355335.3652128,0.9561810086141311,0.009040425637538665,60.22656002035341,1.3490914711425628
Ma_xp_A2000_n70_r16_v00,372,801697686026248.4,8.019895799890394e-06,101301407.89878243,0.9528290347456821,0.011499575923740788,58.36386800571114,1.4097905862832116
Ma_xp_A2000_n70_r16_v00,373,772005179136387.5,7.722862622116678e-06,-313107004.6755378,1.0206885472575256,0.004733825648882561,inf,1.911116407402903
Ma_xp_A2000_n70_r16_v00,374,762107676839767.1,7.623851562858771e-06,-169776818.26818302,1.0356161248888962,0.00010600898623034937,inf,1.7839776848145865
Ma_xp_A2000_n70_r16_v00,375,762107676839767.1,7.623851562858771e-06,-551977281.1504478,1.0089466608299882,0.009705985411930889,inf,1.456956341735385
Ma_xp_A2000_n70_r16_v00,376,762107676839767.1,7.623851562858771e-06,93206069.91219631,0.9455555778060262,0.0008656982703220443,53.49980504589231,1.497138404289912
Ma_xp_A2000_n70_r16_v00,377,742312672246526.4,7.425829444342958e-06,1009284268.7843646,0.9953481549118358,0.026185756230374852,594.1506132174136,1.3851701042354119
Ma_xp_A2000_n70_r16_v00,378,732415169949906.0,7.326818385085052e-06,-466228104.3215689,1.0104084996658473,0.016230453587936577,inf,1.4316964354741666
Ma_xp_A2000_n70_r16_v00,379,722517667653285.6,7.227807325827146e-06,185778942.6019539,0.9777347282311201,0.037876933779792635,108.3999016250008,1.2203624859028321
Ma_xp_A2000_n70_r16_v00,380,702722663060045.1,7.029785207311336e-06,46076209.90227123,0.9190331984823347,0.016420149763180496,26.086967535830947,1.1006470989359731
Ma_xp_A2000_n70_r16_v00,381,692825160763424.8,6.93077414805343e-06,179487540.54642636,0.9727494917055944,0.02370794037773439,104.46495187504051,1.443023074908643
Ma_xp_A2000_n70_r16_v00,382,692825160763424.8,6.93077414805343e-06,81129721.1434324,0.95035782489392,0.0013975338379939967,46.68298759803955,1.1882153188699558
Ma_xp_A2000_n70_r16_v00,383,682927658466804.4,6.831763088795523e-06,167371108.75598893,0.9706295974731297,0.022435433901232094,97.30829345816372,1.4502896697247318
Ma_xp_A2000_n70_r16_v00,384,682927658466804.4,6.831763088795523e-06,126061806.30412607,0.9682937093818529,0.042020987473574495,73.20450223977723,1.1792158921750084
Ma_xp_A2000_n70_r16_v00,385,663132653873563.6,6.6337409702797105e-06,-115387222.37336665,1.0512683266806786,0.008455553857471872,inf,1.7453045615618434
Ma_xp_A2000_n70_r16_v00,386,663132653873563.6,6.6337409702797105e-06,109768429.27824393,0.9580359667479467,0.04434500778613867,63.4106896416079,1.3589986771671023
Ma_xp_A2000_n70_r16_v00,387,643337649280322.9,6.4357188517638975e-06,-104032943.7725039,1.0641107489572008,0.012679151966316443,inf,1.9677326866728384
Ma_xp_A2000_n70_r16_v00,388,643337649280322.9,6.4357188517638975e-06,115756424.52526112,0.9598084690720401,0.009978744187759557,66.93034994368053,1.3726000638492666
Ma_xp_A2000_n70_r16_v00,389,643337649280322.9,6.4357188517638975e-06,112389680.41257644,0.9617542164089954,0.046975747908669305,65.04821638301557,1.2681609071903137
Ma_xp_A2000_n70_r16_v00,390,623542644687082.2,6.237696733248086e-06,439223506.7349334,0.9886135616236696,0.016696433022655183,257.6916424478518,1.4754953216914115
Ma_xp_A2000_n70_r16_v00,391,583952635500600.8,5.841652496216461e-06,-236425840.83626086,1.024304667097312,0.004768595316211302,inf,1.6953094423152022
Ma_xp_A2000_n70_r16_v00,392,583952635500600.8,5.841652496216461e-06,84342147.09977086,0.9515219570874034,0.01573993554930186,48.560422473255194,1.2062965707163968
Ma_xp_A2000_n70_r16_v00,393,564157630907360.0,5.643630377700648e-06,-104228434.13098736,1.055266947124149,0.0023627440236894215,inf,1.699479969892349
Ma_xp_A2000_n70_r16_v00,394,564157630907360.0,5.643630377700648e-06,204010832.49245155,0.9775275062661385,0.024364676738434718,119.02552967401583,1.352598364014305
Ma_xp_A2000_n70_r16_v00,395,554260128610739.7,5.544619318442743e-06,-129204372.72840355,1.04639633436181,0.004160155312638308,inf,1.7685821738058485
Ma_xp_A2000_n70_r16_v00,396,554260128610739.7,5.544619318442743e-06,93095403.85088219,0.9456234576502357,0.012612979194111425,53.43814767124899,1.4934964360719594
Ma_xp_A2000_n70_r16_v00,397,554260128610739.7,5.544619318442743e-06,54961624.39174536,0.9219168499033853,0.006516437635683283,31.164381772106893,1.2661385947586408
Ma_xp_A2000_n70_r16_v00,398,534465124017499.1,5.346597199926931e-06,-146867136.10226616,1.0429288624023931,0.015618517901095152,inf,1.8601088883810972
Ma_xp_A2000_n70_r16_v00,399,534465124017499.1,5.346597199926931e-06,2159123105.7466574,0.9979881217625549,0.012944666483254631,1272.7252747322316,1.281573325982164
Ma_xp_A2000_n70_r16_v00,400,524567621720878.75,5.247586140669025e-06,-715256589.5184776,1.007120015301041,0.002932805928986625,inf,1.5024746604342487
Ma_xp_A2000_n70_r16_v00,401,524567621720878.75,5.247586140669025e-06,114619733.36052519,0.9552767104404629,0.0014855224738461645,66.11986877024064,1.5123680555597288
Ma_xp_A2000_n70_r16_v00,402,494875114831017.6,4.950552962895306e-06,50699395.23512818,0.9232400156732996,0.002440551654631332,28.767400999154663,1.148158956666655
Ma_xp_A2000_n70_r16_v00,403,475080110237776.9,4.752530844379493e-06,290690732.48247623,0.985991028516968,0.02359948533432902,170.32281657566713,1.2014392039323514
Ma_xp_A2000_n70_r16_v00,404,465182607941156.7,4.653519785121589e-06,-107173828.07794285,1.0545554716193768,0.003079680836435024,inf,1.7250092155321373
Ma_xp_A2000_n70_r16_v00,405,455285105644536.3,4.554508725863683e-06,-459884796.8412615,1.0122182552410004,0.02258123735750266,inf,1.657763631586413
Ma_xp_A2000_n70_r16_v00,406,455285105644536.3,4.554508725863683e-06,77076561.57174276,0.9397204229383144,0.013526317290089861,44.10885989395837,1.3707456949147736
Ma_xp_A2000_n70_r16_v00,407,445387603347915.94,4.4554976666057765e-06,172406361.20550328,0.9715251765391649,0.02108354941290436,100.28130453227759,1.4483672219653847
Ma_xp_A2000_n70_r16_v00,408,445387603347915.94,4.4554976666057765e-06,88555993.62743779,0.9500262179958853,0.0018010245285623235,50.94748763362744,1.3056432868255936
Ma_xp_A2000_n70_r16_v00,409,425592598754675.2,4.2574755480899635e-06,-115674206.39830351,1.0911485477804002,0.04567934295313796,inf,3.110646387035149
Ma_xp_A2000_n70_r16_v00,410,425592598754675.2,4.2574755480899635e-06,-115264304.4823588,1.056026690955921,0.01840954660705983,inf,1.9052596446326309
Ma_xp_A2000_n70_r16_v00,411,425592598754675.2,4.2574755480899635e-06,93698133.3419211,0.9460341311874587,0.021435076545250266,53.79547588491875,1.491813297509991
Ma_xp_A2000_n70_r16_v00,412,425592598754675.2,4.2574755480899635e-06,61538728.57876043,0.9409642995865003,0.012231252937874889,35.23955604464301,1.0718341773722888
Ma_xp_A2000_n70_r16_v00,413,415695096458054.8,4.158464488832057e-06,100821614.06315748,0.9538505242773221,0.031673781460226126,58.1178237190695,1.372728907074462
Ma_xp_A2000_n70_r16_v00,414,405797594161434.44,4.0594534295741505e-06,-115112953.40617123,1.0568074992197658,0.0019806012109872713,inf,1.9292754125404954
Ma_xp_A2000_n70_r16_v00,415,405797594161434.44,4.0594534295741505e-06,-87447951.57130526,1.079437938865676,0.09235973173015072,inf,2.049471907611727
Ma_xp_A2000_n70_r16_v00,416,405797594161434.44,4.0594534295741505e-06,61280705.86509807,0.9293779836412182,0.0015608749951037566,34.882326218649794,1.2768157581007977
Ma_xp_A2000_n70_r16_v00,417,395900091864814.06,3.960442370316244e-06,51820096.66345643,0.9277720864565128,0.01846620907084221,29.47258765755704,1.1042506156138905
Ma_xp_A2000_n70_r16_v00,418,395900091864814.06,3.960442370316244e-06,44768051.06986481,0.910337129186651,0.014546175496301182,25.23147076562529,1.184254898847234
Ma_xp_A2000_n70_r16_v00,419,376105087271573.5,3.7624202518004335e-06,-87401976.02662681,1.0800849955662766,0.086885730505771,inf,2.065079469708281
Ma_xp_A2000_n70_r16_v00,420,376105087271573.5,3.7624202518004335e-06,187233497.72007504,0.9744429374818631,0.09508192858532478,109.06678189509623,1.4117534169409671
Ma_xp_A2000_n70_r16_v00,421,366207584974953.1,3.6634091925425274e-06,-65586880.67506309,1.1271459731503106,0.04560085139423213,inf,2.4602766689258586
Ma_xp_A2000_n70_r16_v00,422,366207584974953.1,3.6634091925425274e-06,-141970343.87486437,1.044539985885022,0.010915805968885514,inf,1.8655722414155984
Ma_xp_A2000_n70_r16_v00,423,366207584974953.1,3.6634091925425274e-06,63418275.0867711,0.9351454960800601,0.019900841144991296,36.206989055415654,1.2134417377816258
Ma_xp_A2000_n70_r16_v00,424,366207584974953.1,3.6634091925425274e-06,56873417.530567385,0.9278738086995503,0.025762326680486117,32.34836172545057,1.2102265799439607
Ma_xp_A2000_n70_r16_v00,425,356310082678332.75,3.564398133284621e-06,123433520.16003573,0.9668846950013112,0.006867143248959025,71.62693661392834,1.2059414861075026
Ma_xp_A2000_n70_r16_v00,426,346412580381712.4,3.465387074026715e-06,163954693.16402736,0.9732897293733452,0.017345107323842836,95.45068951265183,1.29201186750887
Ma_xp_A2000_n70_r16_v00,427,346412580381712.4,3.465387074026715e-06,44532220.544628136,0.9099599881521834,0.016575144518981448,25.093600656087435,1.182971431021655
Ma_xp_A2000_n70_r16_v00,428,336515078085092.0,3.3663760147688083e-06,-114605349.54941058,1.0515058472334264,0.04209519696366821,inf,1.7415092568300277
Ma_xp_A2000_n70_r16_v00,429,336515078085092.0,3.3663760147688083e-06,121783682.7288429,0.9579040598223086,0.03376743699520597,70.34688503759064,1.5124940618888671
Ma_xp_A2000_n70_r16_v00,430,326617575788471.6,3.2673649555109018e-06,-91344316.94968185,1.0752727706314156,0.026389170882475388,inf,2.028541029130175
Ma_xp_A2000_n70_r16_v00,431,326617575788471.6,3.2673649555109018e-06,76464638.65556972,0.9386502052893813,0.0006121693979317163,43.734529407581825,1.384006456451053
Ma_xp_A2000_n70_r16_v00,432,316720073491851.25,3.1683538962529957e-06,-143523637.14967245,1.0431028533497324,0.046277380778066285,inf,1.8251300440426426
Ma_xp_A2000_n70_r16_v00,433,306822571195230.94,3.06934283699509e-06,-172905985.74318275,1.034046315115946,0.0055121193704097925,inf,1.7367787803645582
Ma_xp_A2000_n70_r16_v00,434,306822571195230.94,3.06934283699509e-06,46166418.43819852,0.9124197087894151,0.017495853247178478,26.0479623854344,1.1928804752816464
Ma_xp_A2000_n70_r16_v00,435,296925068898610.56,2.9703317777371835e-06,-70637971.53980426,1.1073356143103723,0.010526534212034326,inf,2.236899267993358
Ma_xp_A2000_n70_r16_v00,436,296925068898610.56,2.9703317777371835e-06,103336182.30155486,0.9521215987541884,0.0998457627545255,59.514616729212435,1.4596758222286985
Ma_xp_A2000_n70_r16_v00,437,296925068898610.56,2.9703317777371835e-06,90022025.82217273,0.9499405701855919,0.022763221538644136,51.78864149902628,1.329532758045698
Ma_xp_A2000_n70_r16_v00,438,296925068898610.56,2.9703317777371835e-06,91467104.57662071,0.9516963285265579,0.007550487267627313,52.66735866149738,1.30349519696004
Ma_xp_A2000_n70_r16_v00,439,287027566601990.2,2.871320718479277e-06,-239752409.63847846,1.0218340477314938,0.03234355586881836,inf,1.544406418583032
Ma_xp_A2000_n70_r16_v00,440,287027566601990.2,2.871320718479277e-06,267694224.27661473,0.9845194752101014,0.03306278562432425,156.73237984310447,1.222613091909369
Ma_xp_A2000_n70_r16_v00,441,287027566601990.2,2.871320718479277e-06,194980111.02718943,0.9757156177783881,0.03729958260477017,113.65253002288901,1.3969528077287479
Ma_xp_A2000_n70_r16_v00,442,287027566601990.2,2.871320718479277e-06,124874395.52821936,0.956557052884547,0.028531876148754402,72.08257244296567,1.600505018736274
Ma_xp_A2000_n70_r16_v00,443,287027566601990.2,2.871320718479277e-06,112847613.12828253,0.954154096649014,0.00031227347388995,65.06022289178237,1.526361045838237
Ma_xp_A2000_n70_r16_v00,444,287027566601990.2,2.871320718479277e-06,68233657.8953803,0.9366834151993434,0.03729285260355292,38.98716436181406,1.2746193203693286
Ma_xp_A2000_n70_r16_v00,445,287027566601990.2,2.871320718479277e-06,43791209.71891131,0.913635722170586,0.033344013039858234,24.723535399077278,1.115797670054637
Ma_xp_A2000_n70_r16_v00,446,277130064305369.8,2.772309659221371e-06,206439319.1626784,0.9741751377567994,0.006441240943943008,120.23819777147087,1.5728771143107496
Ma_xp_A2000_n70_r16_v00,447,277130064305369.8,2.772309659221371e-06,200305720.7523981,0.9767917149520733,0.028702374480884266,116.82038331342207,1.3715156406408215
Ma_xp_A2000_n70_r16_v00,448,277130064305369.8,2.772309659221371e-06,148746285.57416806,0.9707312152896171,0.0035320205062252916,86.48442193226042,1.2844440209291788
Ma_xp_A2000_n70_r16_v00,449,277130064305369.8,2.772309659221371e-06,123376197.47434674,0.959117785285436,0.011070178520604657,71.31096113081009,1.4880932868602128
Ma_xp_A2000_n70_r16_v00,450,277130064305369.8,2.772309659221371e-06,110490143.01619264,0.9602405713550299,0.06148418395941061,63.89947221571336,1.296068729082416
Ma_xp_A2000_n70_r16_v00,451,277130064305369.8,2.772309659221371e-06,86336030.4158618,0.9464460684517035,0.016206588567226975,49.57911991995306,1.3641049898341064
Ma_xp_A2000_n70_r16_v00,452,277130064305369.8,2.772309659221371e-06,80670952.20132317,0.9405097418524812,0.020387730310137013,46.18461974662442,1.4158831011839117
Ma_xp_A2000_n70_r16_v00,453,277130064305369.8,2.772309659221371e-06,52922615.663181834,0.9218426138109428,0.04051181115489009,30.007062403257507,1.2203255083411566
Ma_xp_A2000_n70_r16_v00,454,277130064305369.8,2.772309659221371e-06,44780837.279471666,0.9109372719070524,0.015334934413645284,25.24660599632607,1.1766642674129268
Ma_xp_A2000_n70_r16_v00,455,267232562008749.47,2.673298599963465e-06,-117442571.58715008,1.0455235224800803,0.022838345927049062,inf,1.5773416574025863
Ma_xp_A2000_n70_r16_v00,456,267232562008749.47,2.673298599963465e-06,303444873.19296753,0.9844416552044858,0.01688432510717822,177.65707225914377,1.3928602931309269
Ma_xp_A2000_n70_r16_v00,457,267232562008749.47,2.673298599963465e-06,159839745.47466552,0.9740984062514579,0.028878040028133777,93.09319569174683,1.221449816242853
Ma_xp_A2000_n70_r16_v00,458,257335059712129.12,2.5742875407055587e-06,-226859503.016557,1.0247435153450943,0.005364505226409304,inf,1.6560854385811044
Ma_xp_A2000_n70_r16_v00,459,257335059712129.12,2.5742875407055587e-06,135299151.16996613,0.9656155629132133,0.022744852812200768,78.4617545917194,1.3725284411563203
Ma_xp_A2000_n70_r16_v00,460,257335059712129.12,2.5742875407055587e-06,61592695.32917422,0.9306704195300313,0.0038154768855601863,35.08340313649865,1.2598305730008117
Ma_xp_A2000_n70_r16_v00,461,247437557415508.78,2.4752764814476526e-06,-384084715.69951445,1.012328519020043,0.049699126421461216,inf,1.3970189475761308
Ma_xp_A2000_n70_r16_v00,462,247437557415508.78,2.4752764814476526e-06,132076895.96900523,0.9593783573974951,0.013971122738374208,76.35008451804376,1.5828825679602152
Ma_xp_A2000_n70_r16_v00,463,247437557415508.78,2.4752764814476526e-06,66169504.88286969,0.9337427295902964,0.006661370423225244,37.75034636018258,1.2934682926391805
Ma_xp_A2000_n70_r16_v00,464,247437557415508.78,2.4752764814476526e-06,67466112.6372958,0.9363404481972933,0.04410863785196347,38.54177984429279,1.2671079782744281
Ma_xp_A2000_n70_r16_v00,465,247437557415508.78,2.4752764814476526e-06,53961009.75082011,0.9163576483857456,0.009713974825287283,30.50850973612684,1.3315904266228955
Ma_xp_A2000_n70_r16_v00,466,237540055118888.44,2.3762654221897465e-06,592217167.1793736,0.9922192840930287,0.03277406803646826,348.08274401112055,1.3594552391367505
Ma_xp_A2000_n70_r16_v00,467,237540055118888.44,2.3762654221897465e-06,144744967.44752347,0.9644723390157066,0.035564347343154674,83.89068734692101,1.5171707132787124
Ma_xp_A2000_n70_r16_v00,468,227642552822268.03,2.27725436293184e-06,-509152923.8631714,1.0108420310779236,0.01160545733969802,inf,1.6286330797876283
Ma_xp_A2000_n70_r16_v00,469,227642552822268.03,2.27725436293184e-06,-6961288681.39164,1.0007936522474283,0.043894314286340524,inf,1.6299874338350482
Ma_xp_A2000_n70_r16_v00,470,227642552822268.03,2.27725436293184e-06,159423076984.0448,0.9999720237015787,0.018595102739804574,94067.47127910094,1.3158482304033148
Ma_xp_A2000_n70_r16_v00,471,227642552822268.03,2.27725436293184e-06,87336381.14772196,0.9488517494508397,0.00820030876690518,50.21556547881495,1.3179239135567609
Ma_xp_A2000_n70_r16_v00,472,227642552822268.03,2.27725436293184e-06,76875517.12079956,0.9454974939678049,0.002765495144340218,44.12483431361399,1.2361434829929177
Ma_xp_A2000_n70_r16_v00,473,227642552822268.03,2.27725436293184e-06,62745186.108834505,0.9329441375322445,0.004504440255635196,35.781955936699006,1.2413136362967196
Ma_xp_A2000_n70_r16_v00,474,217745050525647.7,2.178243303673934e-06,-82734650.31316076,1.0770066999024388,0.027796858719175407,inf,1.8796643717948918
Ma_xp_A2000_n70_r16_v00,475,217745050525647.7,2.178243303673934e-06,-85940508.8875645,1.078605195143371,0.05315892174433439,inf,1.9930286094785725
Ma_xp_A2000_n70_r16_v00,476,217745050525647.7,2.178243303673934e-06,-88986183.61556326,1.0817127737335548,0.022273976473077373,inf,2.1452449881077094
Ma_xp_A2000_n70_r16_v00,477,217745050525647.7,2.178243303673934e-06,-223869072.82976478,1.0276836112771526,0.027050605596361955,inf,1.828442067914373
Ma_xp_A2000_n70_r16_v00,478,217745050525647.7,2.178243303673934e-06,-1497286425.4238615,1.0033507377487223,0.05392788951880776,inf,1.480163489103764
Ma_xp_A2000_n70_r16_v00,479,217745050525647.7,2.178243303673934e-06,412468515.79330325,0.9876755460247525,0.006060875616390155,241.88039013054234,1.4997637525101684
Ma_xp_A2000_n70_r16_v00,480,217745050525647.7,2.178243303673934e-06,88952432.7862451,0.9503854711246759,0.0252537189890411,51.18499263239024,1.3020601991454452
Ma_xp_A2000_n70_r16_v00,481,207847548229027.34,2.079232244416028e-06,-236687765.7668791,1.0235839819249164,0.06739349394560115,inf,1.6468623660406914
Ma_xp_A2000_n70_r16_v00,482,207847548229027.34,2.079232244416028e-06,-223095577.79919487,1.0204029478139236,0.05896832932092985,inf,1.3429141263767828
Ma_xp_A2000_n70_r16_v00,483,207847548229027.34,2.079232244416028e-06,389596930.0806215,0.9867637968567329,0.03896576827247407,228.36320284723487,1.5213996490751862
Ma_xp_A2000_n70_r16_v00,484,207847548229027.34,2.079232244416028e-06,219962941.4151382,0.9763917324245585,0.017307789487249363,128.2587221869499,1.5320678500102538
Ma_xp_A2000_n70_r16_v00,485,207847548229027.34,2.079232244416028e-06,116402653.1231876,0.9631798194367003,0.039404032558023445,67.41977859281083,1.2644834654205375
Ma_xp_A2000_n70_r16_v00,486,207847548229027.34,2.079232244416028e-06,49422737.84546903,0.9174773569297565,0.03845031854624714,27.958985318236376,1.203273330808631
Ma_xp_A2000_n70_r16_v00,487,207847548229027.34,2.079232244416028e-06,42333901.574747026,0.9114624936475327,0.009531480320897052,23.87362887443433,1.1058085498152792
Ma_xp_A2000_n70_r16_v00,488,197950045932407.0,1.9802211851581218e-06,-96533259.96841225,1.0873669083327295,0.23412870635520505,inf,2.4882172812272674
Ma_xp_A2000_n70_r16_v00,489,197950045932407.0,1.9802211851581218e-06,-89591272.58751418,1.0764137817120454,0.023531385247796206,inf,2.0197692718119673
Ma_xp_A2000_n70_r16_v00,490,197950045932407.0,1.9802211851581218e-06,-195509022.75379288,1.028182293418687,0.0051938989104412785,inf,1.6255768240885544
Ma_xp_A2000_n70_r16_v00,491,197950045932407.0,1.9802211851581218e-06,-3483464241.242296,1.0015655645387918,0.005158382309493823,inf,1.6089653601528422
Ma_xp_A2000_n70_r16_v00,492,197950045932407.0,1.9802211851581218e-06,-2293800589.328497,1.0023491378566547,0.04155780559989278,inf,1.5897488715174557
Ma_xp_A2000_n70_r16_v00,493,197950045932407.0,1.9802211851581218e-06,255841640.1960996,0.9827719414500777,0.005273152518253584,149.66090150033713,1.300384940789659
Ma_xp_A2000_n70_r16_v00,494,197950045932407.0,1.9802211851581218e-06,181758443.61589226,0.9738994435022242,0.07138504406367444,105.84832296953537,1.399615437835783
Ma_xp_A2000_n70_r16_v00,495,197950045932407.0,1.9802211851581218e-06,100995865.30902894,0.9538420237467569,0.08423717580364665,58.21801618688537,1.3753546991030832
Ma_xp_A2000_n70_r16_v00,496,197950045932407.0,1.9802211851581218e-06,42726567.5841139,0.9070936357630403,0.016718107034155997,24.039995609282503,1.1711373508083092
Ma_xp_A2000_n70_r16_v00,497,197950045932407.0,1.9802211851581218e-06,43464722.79848761,0.9121016745250176,0.005273731272628062,24.519536582314167,1.127150420776325
